{
  "goj2vmg0vkn94130hasvpcbmurmk1fi5lk7s4hbo0fpqagn53es98k9chb@google.com": {
    "driver": "Svante",
    "packer": "Tuva"
  },
  "3d81t3n8nvqjobj765ifn0223n@google.com": {},
  "3c3b1888-026d-4666-8bd8-21ccdcee9088": {},
  "1cc1jclc0hsn227f9l6qks7jmo@google.com": {},
  "k6ssv3i4a9d0egvp5jum71lvk1anr7pc8ei9ll08l3vpj0oare4dcs8oo6@google.com": {
    "driver": "Svante",
    "packer": "Algot"
  },
  "hcogcfgo8ilgc7cc9ht3cd40hdud3kf1psf9hv9i737t1mtguqk5secne5@google.com": {},
  "2hc9ng36kasjurfq6i9c0sne3si0lqd3mvqui5g6jed0f32uhsg0q2dgo3@google.com": {},
  "dil5qov608hg7rutl8smmfjg4dt2ns33dfgetv73e7mpum863i3epkptdi@google.com": {},
  "12695166-2648@sportadmin.se": {},
  "liqbkd3d61po84udf8p638prf52hab4kgu8fh8lsjjk41t35pj3sso7lpc@google.com": {
    "driver": "Sarah"
  },
  "300hiamjqipdoo9pv07h7f836e@google.com": {},
  "19pbuv4s25kvk2oqbtd837okv7rlvfoqaloqq3s0q77qconm5fjfoqke8b@google.com": {},
  "6ek8ku7lnhirqhgspooff6ubq1@google.com": {},
  "468l8pjq20621emva9v2ejqs0m@google.com": {},
  "35eap7clkm5fd68t9vui7ip1vj@google.com": {},
  "2os6ttjtm2iibmqkv08u0114i0@google.com": {},
  "bgn6r2pitil61lrttu1389klieg7ktbs5nhalc42lfblafaqi75734gbrv@google.com": {},
  "15s104d2bru8386h1s8im1121o@google.com": {},
  "hne3htc3rua8b76tqfg2grnft8@google.com": {},
  "29234542@laget.se": {}
}