{
  "goj2vmg0vkn94130hasvpcbmurmk1fi5lk7s4hbo0fpqagn53es98k9chb@google.com": {
    "driver": "Svante",
    "packer": "Tuva"
  },
  "k6ssv3i4a9d0egvp5jum71lvk1anr7pc8ei9ll08l3vpj0oare4dcs8oo6@google.com": {
    "driver": "Svante",
    "packer": "Algot"
  },
  "3d81t3n8nvqjobj765ifn0223n@google.com": {},
  "hcogcfgo8ilgc7cc9ht3cd40hdud3kf1psf9hv9i737t1mtguqk5secne5@google.com": {},
  "2hc9ng36kasjurfq6i9c0sne3si0lqd3mvqui5g6jed0f32uhsg0q2dgo3@google.com": {},
  "3c3b1888-026d-4666-8bd8-21ccdcee9088": {}
}