{
  "8IfaYejZM2ss10id6ZyUSMHMVa0Mjz57pbtXIsHb@maak-agenda.nl": {
    "googleEventId": "mpp0qqijs48ve5n4caan6ab244",
    "calendarId": "family17438490542731545369@group.calendar.google.com",
    "lastUpdated": "2026-01-12T21:27:11.694Z"
  },
  "9fEDqltSC5zi6iXj2CnjWds30wSDinq0IEkfXrNg@maak-agenda.nl": {
    "googleEventId": "7v6tvvv77epjuup6rkb6dg98r8",
    "calendarId": "family17438490542731545369@group.calendar.google.com",
    "lastUpdated": "2026-01-12T21:27:12.471Z"
  },
  "4GcqUIcUjemyjJ6vlxY6kaF7t59rIRjpD9NleRgo@maak-agenda.nl": {
    "googleEventId": "rs65boejnthtkktmgl81btl408",
    "calendarId": "family17438490542731545369@group.calendar.google.com",
    "lastUpdated": "2026-01-12T21:27:13.276Z"
  },
  "1AwBOjAkvlVd4RFmPH7ZxRTMZX7ayvtZCn3os8MS@maak-agenda.nl": {
    "googleEventId": "4c3l5cbci3rc06cdmei2gh0srg",
    "calendarId": "family17438490542731545369@group.calendar.google.com",
    "lastUpdated": "2026-01-12T21:27:14.068Z"
  },
  "uhS4TB1BXI6EYNpzTWmqx1ENOowdAnOiHoSM0Nme@maak-agenda.nl": {
    "googleEventId": "ue20cmtlephfbilmgm4fac7vek",
    "calendarId": "family17438490542731545369@group.calendar.google.com",
    "lastUpdated": "2026-01-12T21:27:14.849Z"
  },
  "eAgCfghSomnrmKjRhgR19do2GMLk36JfP8NYpviO@maak-agenda.nl": {
    "googleEventId": "pbk0ju2at3lei0oc8rmnuvd50c",
    "calendarId": "family17438490542731545369@group.calendar.google.com",
    "lastUpdated": "2026-01-12T21:27:15.657Z"
  },
  "rOl71KxwugIAWmaKFvm4DYjsWxYhvWwOkYKTtWql@maak-agenda.nl": {
    "googleEventId": "m0e31othg08nqra90fbfv03250",
    "calendarId": "family17438490542731545369@group.calendar.google.com",
    "lastUpdated": "2026-01-12T21:27:16.509Z"
  },
  "SXPxsWzLuqXxYrmtNcOnCIrMrVGCFyBVfcMXwETT@maak-agenda.nl": {
    "googleEventId": "75b3lusdnofrfi4v8fn5b9kp0g",
    "calendarId": "family17438490542731545369@group.calendar.google.com",
    "lastUpdated": "2026-01-12T21:27:17.315Z"
  },
  "h7FwjrBICmtclpUI3plSXNAJuUgpTaK9pmjSDUER@maak-agenda.nl": {
    "googleEventId": "dp3mi4khupmufech9geu7mjmos",
    "calendarId": "family17438490542731545369@group.calendar.google.com",
    "lastUpdated": "2026-01-12T21:27:18.084Z"
  },
  "aMIYlP2KxSBZMbR06pO8BLvNlS90uWC4G9ogQJvH@maak-agenda.nl": {
    "googleEventId": "kt9gjchkd855cqtqje0nn4bv88",
    "calendarId": "family17438490542731545369@group.calendar.google.com",
    "lastUpdated": "2026-01-12T21:27:18.923Z"
  },
  "smrXgpMBr5zWqbfmwYYEhc5L1j5359vNN55O2mZI@maak-agenda.nl": {
    "googleEventId": "qe57nlg49qlpi881jfc7ke0flg",
    "calendarId": "family17438490542731545369@group.calendar.google.com",
    "lastUpdated": "2026-01-12T21:27:19.721Z"
  },
  "em6OPMpz1TyXwPW8WOH8mJzMs6UEbnmFIbkTcZ5H@maak-agenda.nl": {
    "googleEventId": "k8nii20abeh9gu06bsrff3por4",
    "calendarId": "family17438490542731545369@group.calendar.google.com",
    "lastUpdated": "2026-01-12T21:27:20.522Z"
  },
  "SSfrVfWBYyJNkbp9EpoNwTmz9x4AyhZjlGkZt803@maak-agenda.nl": {
    "googleEventId": "dgg23pnal811slhsae4j7b6474",
    "calendarId": "family17438490542731545369@group.calendar.google.com",
    "lastUpdated": "2026-01-12T21:27:21.356Z"
  },
  "bXzRpUFpsLjn7MkwxDgmcfYq57u4pwH85QaalXOb@maak-agenda.nl": {
    "googleEventId": "es4jih6q6ihu7f3q901m51gusk",
    "calendarId": "family17438490542731545369@group.calendar.google.com",
    "lastUpdated": "2026-01-12T21:27:22.276Z"
  },
  "dyNrdgrb1EcgTiXx3sWB3z1lagzCkpRF6iQ8rQve@maak-agenda.nl": {
    "googleEventId": "jblr0hmvfednoa7uc3e2cmsngo",
    "calendarId": "family17438490542731545369@group.calendar.google.com",
    "lastUpdated": "2026-01-12T21:27:23.054Z"
  },
  "ge46kYDlYtmZUSylGgU2k5qk3lGnoBNWJZpbEB0U@maak-agenda.nl": {
    "googleEventId": "ddljrf1i8b1a9qnj4041c14obg",
    "calendarId": "family17438490542731545369@group.calendar.google.com",
    "lastUpdated": "2026-01-12T21:27:23.901Z"
  },
  "HLPqVpuVBGkGT77UVmbWwj4aCVVofAaXTsdCe7BD@maak-agenda.nl": {
    "googleEventId": "brot2k1cd5g59fbtgb6kc35th0",
    "calendarId": "family17438490542731545369@group.calendar.google.com",
    "lastUpdated": "2026-01-12T21:27:24.720Z"
  },
  "FTL3oRyH5bFoGyHdM04QN3DwId1gNEMthOLmlwV3@maak-agenda.nl": {
    "googleEventId": "m4qiqi2kvlcoiverhr07qhrl98",
    "calendarId": "family17438490542731545369@group.calendar.google.com",
    "lastUpdated": "2026-01-12T21:27:25.557Z"
  },
  "jQQbZbpqAKERO4m8ki7kbO7jdtbo3rDEwRweLTQt@maak-agenda.nl": {
    "googleEventId": "okmqap1ikn90nnk63n5gdrc06s",
    "calendarId": "family17438490542731545369@group.calendar.google.com",
    "lastUpdated": "2026-01-12T21:27:26.355Z"
  },
  "lkT92AXb3Skk2loyj2k65u9XW9dxripb8baUhWao@maak-agenda.nl": {
    "googleEventId": "svhrlbl1rd5i554hcqbsn8jajk",
    "calendarId": "family17438490542731545369@group.calendar.google.com",
    "lastUpdated": "2026-01-12T21:27:27.159Z"
  },
  "Pl3mZhG9XsHFboievmFcdnv6k9fUB4EGsPjLOfQg@maak-agenda.nl": {
    "googleEventId": "805mefcv5a2dj35enutei5buls",
    "calendarId": "family17438490542731545369@group.calendar.google.com",
    "lastUpdated": "2026-01-12T21:27:28.009Z"
  },
  "0252a40e-efea-4b34-b30f-34e684a6c326": {
    "googleEventId": "op1nuak57jspbseqleevtor820",
    "calendarId": "family17438490542731545369@group.calendar.google.com",
    "lastUpdated": "2026-01-12T21:27:28.775Z"
  },
  "da9128ac-dacd-4bb0-b74f-ca135d68e8b4": {
    "googleEventId": "vnf6dubr8ulu0g67cmbs0np788",
    "calendarId": "family17438490542731545369@group.calendar.google.com",
    "lastUpdated": "2026-01-12T21:27:29.580Z"
  },
  "e344be3e-f29a-4671-a587-25b6ef90d5f2": {
    "googleEventId": "e7ug6jd7lceshfp8vdhghsff68",
    "calendarId": "family17438490542731545369@group.calendar.google.com",
    "lastUpdated": "2026-01-12T21:27:30.365Z"
  },
  "a0d3b901-f5e0-4057-b25f-09b8055244fa": {
    "googleEventId": "tec567haptfihp4dp5dotd3qoc",
    "calendarId": "family17438490542731545369@group.calendar.google.com",
    "lastUpdated": "2026-01-12T21:27:31.154Z"
  },
  "d90585a3-8cc2-40e8-9ee7-93591209f2d2": {
    "googleEventId": "j6ubro82e7m1dubpjcjnm7ve58",
    "calendarId": "family17438490542731545369@group.calendar.google.com",
    "lastUpdated": "2026-01-12T21:27:31.929Z"
  },
  "224058cc-0dd6-4663-bcc2-15662f5a472e": {
    "googleEventId": "31blmdsqsbd30furvne04udsm0",
    "calendarId": "family17438490542731545369@group.calendar.google.com",
    "lastUpdated": "2026-01-12T21:27:32.726Z"
  },
  "23708749-67a9-4151-883d-9fc9e6700284": {
    "googleEventId": "jii9dhjusjgb12edh2garhgu0g",
    "calendarId": "family17438490542731545369@group.calendar.google.com",
    "lastUpdated": "2026-01-12T21:27:33.546Z"
  },
  "9a077e4a-78bf-4434-b56c-ba61f3dc52c4": {
    "googleEventId": "u8de7lot4623na63uhvtvuvu2o",
    "calendarId": "family17438490542731545369@group.calendar.google.com",
    "lastUpdated": "2026-01-12T21:27:34.362Z"
  },
  "34432251-895a-4ad2-ab77-ec41f96b10f8": {
    "googleEventId": "crc8kcvq2qs18is1l2f0up8q30",
    "calendarId": "family17438490542731545369@group.calendar.google.com",
    "lastUpdated": "2026-01-12T21:27:35.192Z"
  },
  "29033781-0597-47ed-b0de-cc2f2a0f56b8": {
    "googleEventId": "vcuvpudu0hukktf9e66ea4cg9s",
    "calendarId": "family17438490542731545369@group.calendar.google.com",
    "lastUpdated": "2026-01-12T21:27:36.212Z"
  },
  "351eb677-8ba7-4c58-a54c-f0ffc5e5187d": {
    "googleEventId": "5iu9vo1dndspf1fqs1bm5jhhv0",
    "calendarId": "family17438490542731545369@group.calendar.google.com",
    "lastUpdated": "2026-01-12T21:27:37.028Z"
  },
  "c6198439-804f-4e48-a1f4-0cef9cc8a0b1": {
    "googleEventId": "up4p9k395hleni0c61e6e0si7c",
    "calendarId": "family17438490542731545369@group.calendar.google.com",
    "lastUpdated": "2026-01-12T21:27:37.840Z"
  },
  "f1fef757-bf0d-497f-a79d-087f80c2ad72": {
    "googleEventId": "8v810c4i4fqofnbjruknd361rs",
    "calendarId": "family17438490542731545369@group.calendar.google.com",
    "lastUpdated": "2026-01-12T21:27:38.686Z"
  },
  "6742b454-0f2a-4bb6-a5d1-e1099574b11a": {
    "googleEventId": "gh0745kvh1jom0cuogvlfs4l64",
    "calendarId": "family17438490542731545369@group.calendar.google.com",
    "lastUpdated": "2026-01-12T21:27:39.461Z"
  },
  "4ec74f53-a6fb-4e38-8e49-6fb269fc8bfd": {
    "googleEventId": "r1ds63uthioqie7fh5l86gp2kc",
    "calendarId": "family17438490542731545369@group.calendar.google.com",
    "lastUpdated": "2026-01-12T21:27:40.273Z"
  },
  "568dd054-bde4-4d2d-8d22-79b5d6efd73a": {
    "googleEventId": "oh6lfntrsgpbtibjvksv9pa5g0",
    "calendarId": "family17438490542731545369@group.calendar.google.com",
    "lastUpdated": "2026-01-12T21:27:41.061Z"
  },
  "fb4de30f-8e7a-4f14-9483-0ae68afcc7d6": {
    "googleEventId": "829m2919nlu7gmjmg0a91j182s",
    "calendarId": "family17438490542731545369@group.calendar.google.com",
    "lastUpdated": "2026-01-12T21:27:41.908Z"
  },
  "2935fcb5-dfd4-4de4-b995-6dedc2808ef3": {
    "googleEventId": "ub6jh0qb9iqndhr3ehbpdgb2ac",
    "calendarId": "family17438490542731545369@group.calendar.google.com",
    "lastUpdated": "2026-01-12T21:27:42.684Z"
  },
  "453e588c-c8a9-42bc-a7b1-25b5d3e922bc": {
    "googleEventId": "8rquhfbormf93goksuj1bb9ioo",
    "calendarId": "family17438490542731545369@group.calendar.google.com",
    "lastUpdated": "2026-01-12T21:27:43.522Z"
  },
  "49a87328-e4dc-4673-af8a-b30c7d43e356": {
    "googleEventId": "lei606iqvc957rlneamhjeqimg",
    "calendarId": "family17438490542731545369@group.calendar.google.com",
    "lastUpdated": "2026-01-12T21:27:44.374Z"
  },
  "e67c6704-53a2-4b78-90b3-4b03dac33420": {
    "googleEventId": "fo7st61jio3m42nchkrghimk3s",
    "calendarId": "family17438490542731545369@group.calendar.google.com",
    "lastUpdated": "2026-01-12T21:27:45.211Z"
  },
  "9331815e-1c82-4942-afbb-f8662195171e": {
    "googleEventId": "h7j7rb7f1943a4ch0obdbj00o8",
    "calendarId": "family17438490542731545369@group.calendar.google.com",
    "lastUpdated": "2026-01-12T21:27:46.095Z"
  },
  "47cb0e77-2a54-403c-958d-a20e55aa7b99": {
    "googleEventId": "lroa2j9r3659gs3k565k4semfg",
    "calendarId": "family17438490542731545369@group.calendar.google.com",
    "lastUpdated": "2026-01-12T21:27:46.885Z"
  },
  "a0cc1335-e0da-46dd-83a6-516397b212b6": {
    "googleEventId": "kptrqvkk5107aukn7i60jsc414",
    "calendarId": "family17438490542731545369@group.calendar.google.com",
    "lastUpdated": "2026-01-12T21:27:47.744Z"
  },
  "91b7e7c6-7444-4df8-a4f4-fa5401f34f72": {
    "googleEventId": "fvjdkmllbmej583nb40jnl3o28",
    "calendarId": "family17438490542731545369@group.calendar.google.com",
    "lastUpdated": "2026-01-12T21:27:48.525Z"
  },
  "9bdb8816-0ab5-4d2a-a7dd-8a9b10dec708": {
    "googleEventId": "7kt1p3oebvjrko8aqlp6vqlag4",
    "calendarId": "family17438490542731545369@group.calendar.google.com",
    "lastUpdated": "2026-01-12T21:27:49.331Z"
  },
  "181c7f45-1803-44a8-b42e-8cfc3d997da6": {
    "googleEventId": "brvc7mucbbqe9v67a3di4lrg70",
    "calendarId": "family17438490542731545369@group.calendar.google.com",
    "lastUpdated": "2026-01-12T21:27:50.163Z"
  },
  "8dd5ee05-746d-4ae5-9fcf-26386daa3f3d": {
    "googleEventId": "icdikftmkvnasssc02g3etba48",
    "calendarId": "family17438490542731545369@group.calendar.google.com",
    "lastUpdated": "2026-01-12T21:27:50.995Z"
  },
  "75937a97-3ca0-4efa-958d-a9d1320af74f": {
    "googleEventId": "lc4kc1j04m2pvunuqo2dnutagc",
    "calendarId": "family17438490542731545369@group.calendar.google.com",
    "lastUpdated": "2026-01-12T21:27:51.785Z"
  },
  "70dee2f5-906a-44f2-b560-1c93245c10e8": {
    "googleEventId": "h9r95j68u08aaq5njq96pduc8k",
    "calendarId": "family17438490542731545369@group.calendar.google.com",
    "lastUpdated": "2026-01-12T21:27:52.612Z"
  },
  "77ae3f45-f00e-475a-9102-285f4065bafa": {
    "googleEventId": "d512tqv3rptvuoqhkcb9slk1is",
    "calendarId": "family17438490542731545369@group.calendar.google.com",
    "lastUpdated": "2026-01-12T21:27:53.474Z"
  },
  "906ceb0f-5978-4381-bf4b-bc78d06f231b": {
    "googleEventId": "83rnf8qtmpmtvtae30ut2ufk70",
    "calendarId": "family17438490542731545369@group.calendar.google.com",
    "lastUpdated": "2026-01-12T21:27:54.244Z"
  },
  "a1d2278c-0254-4aa2-bdf7-9520716b7034": {
    "googleEventId": "kuvj4ju1461p0imfjvuh1bqidk",
    "calendarId": "family17438490542731545369@group.calendar.google.com",
    "lastUpdated": "2026-01-12T21:27:55.146Z"
  },
  "55f93b0a-e869-4898-a1e1-cd19e2ba89b9": {
    "googleEventId": "h4sfuc3r1rhn7langpiue903p4",
    "calendarId": "family17438490542731545369@group.calendar.google.com",
    "lastUpdated": "2026-01-12T21:27:55.973Z"
  },
  "29328359@laget.se": {
    "googleEventId": "kk0dne6ab78iafkjdf00fuec9k",
    "calendarId": "family17438490542731545369@group.calendar.google.com",
    "lastUpdated": "2026-01-12T21:27:57.016Z"
  },
  "29234542@laget.se": {
    "googleEventId": "ina6u4osfcr134cuil36vuhq9k",
    "calendarId": "family17438490542731545369@group.calendar.google.com",
    "lastUpdated": "2026-01-12T21:27:58.050Z"
  },
  "29328360@laget.se": {
    "googleEventId": "6foktrpt82g3nlgn0dan0bkdl8",
    "calendarId": "family17438490542731545369@group.calendar.google.com",
    "lastUpdated": "2026-01-12T21:27:59.069Z"
  },
  "29234543@laget.se": {
    "googleEventId": "2vpsmosupomdmvasett2i51q5c",
    "calendarId": "family17438490542731545369@group.calendar.google.com",
    "lastUpdated": "2026-01-12T21:28:00.102Z"
  },
  "29328361@laget.se": {
    "googleEventId": "pc7rm03bk2pq3083cl1pebl89c",
    "calendarId": "family17438490542731545369@group.calendar.google.com",
    "lastUpdated": "2026-01-12T21:28:01.106Z"
  },
  "29234544@laget.se": {
    "googleEventId": "dh47bstbu36a7o3j851erm3hn4",
    "calendarId": "family17438490542731545369@group.calendar.google.com",
    "lastUpdated": "2026-01-12T21:28:02.068Z"
  },
  "29328362@laget.se": {
    "googleEventId": "nh26r7i1236l1o3l0ddv75ktbk",
    "calendarId": "family17438490542731545369@group.calendar.google.com",
    "lastUpdated": "2026-01-12T21:28:03.022Z"
  },
  "29234545@laget.se": {
    "googleEventId": "v257hmguk2e6tpqi68b36r8s70",
    "calendarId": "family17438490542731545369@group.calendar.google.com",
    "lastUpdated": "2026-01-12T21:28:04.003Z"
  },
  "29328363@laget.se": {
    "googleEventId": "nnl0tp3lqkh6voetsk7eukeaso",
    "calendarId": "family17438490542731545369@group.calendar.google.com",
    "lastUpdated": "2026-01-12T21:28:04.929Z"
  },
  "29234546@laget.se": {
    "googleEventId": "gvshccnmt9hbgmmrcelpcp0jac",
    "calendarId": "family17438490542731545369@group.calendar.google.com",
    "lastUpdated": "2026-01-12T21:28:06.018Z"
  },
  "29328364@laget.se": {
    "googleEventId": "kt27hj59r8ijd77fb9125g2l98",
    "calendarId": "family17438490542731545369@group.calendar.google.com",
    "lastUpdated": "2026-01-12T21:28:06.956Z"
  },
  "29234547@laget.se": {
    "googleEventId": "jfi0u35kca6d8dqca30mvp5rnc",
    "calendarId": "family17438490542731545369@group.calendar.google.com",
    "lastUpdated": "2026-01-12T21:28:07.922Z"
  },
  "29328365@laget.se": {
    "googleEventId": "gk5dnrbf0poit40ak3lteqsfvo",
    "calendarId": "family17438490542731545369@group.calendar.google.com",
    "lastUpdated": "2026-01-12T21:28:08.953Z"
  },
  "29234548@laget.se": {
    "googleEventId": "8995m1j8r1evjg6lvreg07blcs",
    "calendarId": "family17438490542731545369@group.calendar.google.com",
    "lastUpdated": "2026-01-12T21:28:09.968Z"
  },
  "29328366@laget.se": {
    "googleEventId": "l6706gkalfdu3chfqau24imbv0",
    "calendarId": "family17438490542731545369@group.calendar.google.com",
    "lastUpdated": "2026-01-12T21:28:10.955Z"
  },
  "29234549@laget.se": {
    "googleEventId": "8iv4kntepe5m1n43c2esme72bs",
    "calendarId": "family17438490542731545369@group.calendar.google.com",
    "lastUpdated": "2026-01-12T21:28:11.916Z"
  },
  "29328367@laget.se": {
    "googleEventId": "ur4cm56menf4lmsbsvcs7i08s4",
    "calendarId": "family17438490542731545369@group.calendar.google.com",
    "lastUpdated": "2026-01-12T21:28:12.885Z"
  },
  "29234550@laget.se": {
    "googleEventId": "3v36pbjipgd4lqb2voatlmb5d8",
    "calendarId": "family17438490542731545369@group.calendar.google.com",
    "lastUpdated": "2026-01-12T21:28:13.891Z"
  },
  "29328368@laget.se": {
    "googleEventId": "b4lr6a6uj1k08bbl8d5kotqpr0",
    "calendarId": "family17438490542731545369@group.calendar.google.com",
    "lastUpdated": "2026-01-12T21:28:14.840Z"
  },
  "29234551@laget.se": {
    "googleEventId": "r72rvuiabkmqrdo0dhj2jluihk",
    "calendarId": "family17438490542731545369@group.calendar.google.com",
    "lastUpdated": "2026-01-12T21:28:15.809Z"
  },
  "29328369@laget.se": {
    "googleEventId": "a77crfbgvqtshstjc2h6hmadf0",
    "calendarId": "family17438490542731545369@group.calendar.google.com",
    "lastUpdated": "2026-01-12T21:28:16.759Z"
  },
  "29234552@laget.se": {
    "googleEventId": "imnb482ahk9hcu031aatfubecg",
    "calendarId": "family17438490542731545369@group.calendar.google.com",
    "lastUpdated": "2026-01-12T21:28:17.730Z"
  },
  "29328370@laget.se": {
    "googleEventId": "ckr2ml16da5i607qprs13if6ms",
    "calendarId": "family17438490542731545369@group.calendar.google.com",
    "lastUpdated": "2026-01-12T21:28:18.649Z"
  },
  "29234553@laget.se": {
    "googleEventId": "rc2qs0fjhrbf96kmtpce4ug27o",
    "calendarId": "family17438490542731545369@group.calendar.google.com",
    "lastUpdated": "2026-01-12T21:28:19.606Z"
  },
  "29189891@laget.se": {
    "googleEventId": "17c1robf8hg57gal322gc1olpo",
    "calendarId": "family17438490542731545369@group.calendar.google.com",
    "lastUpdated": "2026-01-12T21:28:20.561Z"
  },
  "29189892@laget.se": {
    "googleEventId": "9ll10i8r7d3ev058fjoho083vc",
    "calendarId": "family17438490542731545369@group.calendar.google.com",
    "lastUpdated": "2026-01-12T21:28:21.533Z"
  },
  "29189893@laget.se": {
    "googleEventId": "cnt3tg79n5f6arg2732s5b7p90",
    "calendarId": "family17438490542731545369@group.calendar.google.com",
    "lastUpdated": "2026-01-12T21:28:22.491Z"
  },
  "29189894@laget.se": {
    "googleEventId": "qhmdam0burovkvbfm8udm9jvps",
    "calendarId": "family17438490542731545369@group.calendar.google.com",
    "lastUpdated": "2026-01-12T21:28:23.446Z"
  },
  "29189895@laget.se": {
    "googleEventId": "j68irbnac4ndoprqbuot3jtl88",
    "calendarId": "family17438490542731545369@group.calendar.google.com",
    "lastUpdated": "2026-01-12T21:28:24.370Z"
  },
  "29189896@laget.se": {
    "googleEventId": "jinsd3558umkifr4qfqubhb13s",
    "calendarId": "family17438490542731545369@group.calendar.google.com",
    "lastUpdated": "2026-01-12T21:28:25.367Z"
  },
  "29189897@laget.se": {
    "googleEventId": "34ij1m35b1madmc3njtc8ci310",
    "calendarId": "family17438490542731545369@group.calendar.google.com",
    "lastUpdated": "2026-01-12T21:28:26.363Z"
  },
  "29189898@laget.se": {
    "googleEventId": "bba4l0hd78n71s343d6vn8nbic",
    "calendarId": "family17438490542731545369@group.calendar.google.com",
    "lastUpdated": "2026-01-12T21:28:27.462Z"
  },
  "29189899@laget.se": {
    "googleEventId": "ud7gvbvigofgnmeat8u1s5lmpg",
    "calendarId": "family17438490542731545369@group.calendar.google.com",
    "lastUpdated": "2026-01-12T21:28:28.503Z"
  },
  "29189900@laget.se": {
    "googleEventId": "knlgn6icogpv5hbbn5jqomkucs",
    "calendarId": "family17438490542731545369@group.calendar.google.com",
    "lastUpdated": "2026-01-12T21:28:29.541Z"
  },
  "29189901@laget.se": {
    "googleEventId": "olhtl4e9tcpno32h7netc2pjb0",
    "calendarId": "family17438490542731545369@group.calendar.google.com",
    "lastUpdated": "2026-01-12T21:28:30.427Z"
  },
  "12335733-2648@sportadmin.se": {
    "googleEventId": "ss98cl68lc24lhtqvri95bmrik",
    "calendarId": "family17438490542731545369@group.calendar.google.com",
    "lastUpdated": "2026-01-12T21:28:31.239Z"
  },
  "12335734-2648@sportadmin.se": {
    "googleEventId": "bj7ql9r4g7ben9cmvcnuq70kn0",
    "calendarId": "family17438490542731545369@group.calendar.google.com",
    "lastUpdated": "2026-01-12T21:28:32.203Z"
  },
  "12335735-2648@sportadmin.se": {
    "googleEventId": "dg1422d70c3gtiu1con2mqrhdg",
    "calendarId": "family17438490542731545369@group.calendar.google.com",
    "lastUpdated": "2026-01-12T21:28:33.198Z"
  },
  "12335736-2648@sportadmin.se": {
    "googleEventId": "u2ljjc3iip3rdsj3jghs9sn5bo",
    "calendarId": "family17438490542731545369@group.calendar.google.com",
    "lastUpdated": "2026-01-12T21:28:35.191Z"
  },
  "12335737-2648@sportadmin.se": {
    "googleEventId": "bsqlmi2u4i545ek3jutrm2nemk",
    "calendarId": "family17438490542731545369@group.calendar.google.com",
    "lastUpdated": "2026-01-12T21:28:36.155Z"
  },
  "12335738-2648@sportadmin.se": {
    "googleEventId": "tpj8ah2l20ef1msub3vokg35go",
    "calendarId": "family17438490542731545369@group.calendar.google.com",
    "lastUpdated": "2026-01-12T21:28:37.218Z"
  },
  "12709610-2648@sportadmin.se": {
    "googleEventId": "3t5s2q0en6rul2u9e2dadg9kh8",
    "calendarId": "family17438490542731545369@group.calendar.google.com",
    "lastUpdated": "2026-01-12T21:28:38.194Z"
  },
  "12709611-2648@sportadmin.se": {
    "googleEventId": "k6sk5jflica9vgt90u2qni3o9s",
    "calendarId": "family17438490542731545369@group.calendar.google.com",
    "lastUpdated": "2026-01-12T21:28:39.196Z"
  },
  "12709612-2648@sportadmin.se": {
    "googleEventId": "b6i3v2t7g26brqkcdhr5nct4k0",
    "calendarId": "family17438490542731545369@group.calendar.google.com",
    "lastUpdated": "2026-01-12T21:28:40.148Z"
  },
  "12709613-2648@sportadmin.se": {
    "googleEventId": "s284qaht21opa9nae73abapce8",
    "calendarId": "family17438490542731545369@group.calendar.google.com",
    "lastUpdated": "2026-01-12T21:28:41.173Z"
  },
  "12709614-2648@sportadmin.se": {
    "googleEventId": "m24va5mnsms81ak7bt2q5o8lb8",
    "calendarId": "family17438490542731545369@group.calendar.google.com",
    "lastUpdated": "2026-01-12T21:28:41.554Z"
  },
  "12709615-2648@sportadmin.se": {
    "googleEventId": "4s4nsgpd5f1a0mjdgp5o5scggo",
    "calendarId": "family17438490542731545369@group.calendar.google.com",
    "lastUpdated": "2026-01-12T21:28:42.571Z"
  },
  "12709616-2648@sportadmin.se": {
    "googleEventId": "64kjofjfjite93vosirh6uh3a0",
    "calendarId": "family17438490542731545369@group.calendar.google.com",
    "lastUpdated": "2026-01-12T21:28:43.514Z"
  },
  "12335739-2648@sportadmin.se": {
    "googleEventId": "t3hppdjsq4s7lkvcetiebbgn2g",
    "calendarId": "family17438490542731545369@group.calendar.google.com",
    "lastUpdated": "2026-01-12T21:28:44.520Z"
  },
  "12335740-2648@sportadmin.se": {
    "googleEventId": "dle2rr0kuvuvla3lscpq1s5rqc",
    "calendarId": "family17438490542731545369@group.calendar.google.com",
    "lastUpdated": "2026-01-12T21:28:44.993Z"
  },
  "12335741-2648@sportadmin.se": {
    "googleEventId": "q2u9d598bt6jbhmikihbdgta94",
    "calendarId": "family17438490542731545369@group.calendar.google.com",
    "lastUpdated": "2026-01-12T21:28:45.967Z"
  },
  "12335742-2648@sportadmin.se": {
    "googleEventId": "ij49q4ttmoje47pgpmv9rtmn78",
    "calendarId": "family17438490542731545369@group.calendar.google.com",
    "lastUpdated": "2026-01-12T21:28:46.445Z"
  },
  "12709617-2648@sportadmin.se": {
    "googleEventId": "n3pusm8okce86do17q92rh1a0o",
    "calendarId": "family17438490542731545369@group.calendar.google.com",
    "lastUpdated": "2026-01-12T21:28:46.895Z"
  },
  "12709618-2648@sportadmin.se": {
    "googleEventId": "nf956kreg6gbu2tmhfatoj3uv0",
    "calendarId": "family17438490542731545369@group.calendar.google.com",
    "lastUpdated": "2026-01-12T21:28:47.803Z"
  }
}